Time_s,Applied_Voltage_V,Load_Torque_Nm
0,0,0
0.001,0,0
0.002,0,0
0.003,0,0
0.004,0,0
0.005,0,0
0.006,0,0
0.007,0,0
0.008,0,0
0.009,0,0
0.01,0,0
0.011,0,0
0.012,0,0
0.013,0,0
0.014,0,0
0.015,0,0
0.016,0,0
0.017,0,0
0.018,0,0
0.019,0,0
0.02,0,0
0.021,0,0
0.022,0,0
0.023,0,0
0.024,0,0
0.025,0,0
0.026,0,0
0.027,0,0
0.028,0,0
0.029,0,0
0.03,0,0
0.031,0,0
0.032,0,0
0.033,0,0
0.034,0,0
0.035,0,0
0.036,0,0
0.037,0,0
0.038,0,0
0.039,0,0
0.04,0,0
0.041,0,0
0.042,0,0
0.043,0,0
0.044,0,0
0.045,0,0
0.046,0,0
0.047,0,0
0.048,0,0
0.049,0,0
0.05,0,0
0.051,0,0
0.052,0,0
0.053,0,0
0.054,0,0
0.055,0,0
0.056,0,0
0.057,0,0
0.058,0,0
0.059,0,0
0.06,0,0
0.061,0,0
0.062,0,0
0.063,0,0
0.064,0,0
0.065,0,0
0.066,0,0
0.067,0,0
0.068,0,0
0.069,0,0
0.07,0,0
0.071,0,0
0.072,0,0
0.073,0,0
0.074,0,0
0.075,0,0
0.076,0,0
0.077,0,0
0.078,0,0
0.079,0,0
0.08,0,0
0.081,0,0
0.082,0,0
0.083,0,0
0.084,0,0
0.085,0,0
0.086,0,0
0.087,0,0
0.088,0,0
0.089,0,0
0.09,0,0
0.091,0,0
0.092,0,0
0.093,0,0
0.094,0,0
0.095,0,0
0.096,0,0
0.097,0,0
0.098,0,0
0.099,0,0
0.1,0,0
0.101,0,0
0.102,0,0
0.103,0,0
0.104,0,0
0.105,0,0
0.106,0,0
0.107,0,0
0.108,0,0
0.109,0,0
0.11,0,0
0.111,0,0
0.112,0,0
0.113,0,0
0.114,0,0
0.115,0,0
0.116,0,0
0.117,0,0
0.118,0,0
0.119,0,0
0.12,0,0
0.121,0,0
0.122,0,0
0.123,0,0
0.124,0,0
0.125,0,0
0.126,0,0
0.127,0,0
0.128,0,0
0.129,0,0
0.13,0,0
0.131,0,0
0.132,0,0
0.133,0,0
0.134,0,0
0.135,0,0
0.136,0,0
0.137,0,0
0.138,0,0
0.139,0,0
0.14,0,0
0.141,0,0
0.142,0,0
0.143,0,0
0.144,0,0
0.145,0,0
0.146,0,0
0.147,0,0
0.148,0,0
0.149,0,0
0.15,0,0
0.151,0,0
0.152,0,0
0.153,0,0
0.154,0,0
0.155,0,0
0.156,0,0
0.157,0,0
0.158,0,0
0.159,0,0
0.16,0,0
0.161,0,0
0.162,0,0
0.163,0,0
0.164,0,0
0.165,0,0
0.166,0,0
0.167,0,0
0.168,0,0
0.169,0,0
0.17,0,0
0.171,0,0
0.172,0,0
0.173,0,0
0.174,0,0
0.175,0,0
0.176,0,0
0.177,0,0
0.178,0,0
0.179,0,0
0.18,0,0
0.181,0,0
0.182,0,0
0.183,0,0
0.184,0,0
0.185,0,0
0.186,0,0
0.187,0,0
0.188,0,0
0.189,0,0
0.19,0,0
0.191,0,0
0.192,0,0
0.193,0,0
0.194,0,0
0.195,0,0
0.196,0,0
0.197,0,0
0.198,0,0
0.199,0,0
0.2,18,0
0.201,18,0
0.202,18,0
0.203,18,0
0.204,18,0
0.205,18,0
0.206,18,0
0.207,18,0
0.208,18,0
0.209,18,0
0.21,18,0
0.211,18,0
0.212,18,0
0.213,18,0
0.214,18,0
0.215,18,0
0.216,18,0
0.217,18,0
0.218,18,0
0.219,18,0
0.22,18,0
0.221,18,0
0.222,18,0
0.223,18,0
0.224,18,0
0.225,18,0
0.226,18,0
0.227,18,0
0.228,18,0
0.229,18,0
0.23,18,0
0.231,18,0
0.232,18,0
0.233,18,0
0.234,18,0
0.235,18,0
0.236,18,0
0.237,18,0
0.238,18,0
0.239,18,0
0.24,18,0
0.241,18,0
0.242,18,0
0.243,18,0
0.244,18,0
0.245,18,0
0.246,18,0
0.247,18,0
0.248,18,0
0.249,18,0
0.25,18,0
0.251,18,0
0.252,18,0
0.253,18,0
0.254,18,0
0.255,18,0
0.256,18,0
0.257,18,0
0.258,18,0
0.259,18,0
0.26,18,0
0.261,18,0
0.262,18,0
0.263,18,0
0.264,18,0
0.265,18,0
0.266,18,0
0.267,18,0
0.268,18,0
0.269,18,0
0.27,18,0
0.271,18,0
0.272,18,0
0.273,18,0
0.274,18,0
0.275,18,0
0.276,18,0
0.277,18,0
0.278,18,0
0.279,18,0
0.28,18,0
0.281,18,0
0.282,18,0
0.283,18,0
0.284,18,0
0.285,18,0
0.286,18,0
0.287,18,0
0.288,18,0
0.289,18,0
0.29,18,0
0.291,18,0
0.292,18,0
0.293,18,0
0.294,18,0
0.295,18,0
0.296,18,0
0.297,18,0
0.298,18,0
0.299,18,0
0.3,18,0
0.301,18,0
0.302,18,0
0.303,18,0
0.304,18,0
0.305,18,0
0.306,18,0
0.307,18,0
0.308,18,0
0.309,18,0
0.31,18,0
0.311,18,0
0.312,18,0
0.313,18,0
0.314,18,0
0.315,18,0
0.316,18,0
0.317,18,0
0.318,18,0
0.319,18,0
0.32,18,0
0.321,18,0
0.322,18,0
0.323,18,0
0.324,18,0
0.325,18,0
0.326,18,0
0.327,18,0
0.328,18,0
0.329,18,0
0.33,18,0
0.331,18,0
0.332,18,0
0.333,18,0
0.334,18,0
0.335,18,0
0.336,18,0
0.337,18,0
0.338,18,0
0.339,18,0
0.34,18,0
0.341,18,0
0.342,18,0
0.343,18,0
0.344,18,0
0.345,18,0
0.346,18,0
0.347,18,0
0.348,18,0
0.349,18,0
0.35,18,0
0.351,18,0
0.352,18,0
0.353,18,0
0.354,18,0
0.355,18,0
0.356,18,0
0.357,18,0
0.358,18,0
0.359,18,0
0.36,18,0
0.361,18,0
0.362,18,0
0.363,18,0
0.364,18,0
0.365,18,0
0.366,18,0
0.367,18,0
0.368,18,0
0.369,18,0
0.37,18,0
0.371,18,0
0.372,18,0
0.373,18,0
0.374,18,0
0.375,18,0
0.376,18,0
0.377,18,0
0.378,18,0
0.379,18,0
0.38,18,0
0.381,18,0
0.382,18,0
0.383,18,0
0.384,18,0
0.385,18,0
0.386,18,0
0.387,18,0
0.388,18,0
0.389,18,0
0.39,18,0
0.391,18,0
0.392,18,0
0.393,18,0
0.394,18,0
0.395,18,0
0.396,18,0
0.397,18,0
0.398,18,0
0.399,18,0
0.4,18,0
0.401,18,0
0.402,18,0
0.403,18,0
0.404,18,0
0.405,18,0
0.406,18,0
0.407,18,0
0.408,18,0
0.409,18,0
0.41,18,0
0.411,18,0
0.412,18,0
0.413,18,0
0.414,18,0
0.415,18,0
0.416,18,0
0.417,18,0
0.418,18,0
0.419,18,0
0.42,18,0
0.421,18,0
0.422,18,0
0.423,18,0
0.424,18,0
0.425,18,0
0.426,18,0
0.427,18,0
0.428,18,0
0.429,18,0
0.43,18,0
0.431,18,0
0.432,18,0
0.433,18,0
0.434,18,0
0.435,18,0
0.436,18,0
0.437,18,0
0.438,18,0
0.439,18,0
0.44,18,0
0.441,18,0
0.442,18,0
0.443,18,0
0.444,18,0
0.445,18,0
0.446,18,0
0.447,18,0
0.448,18,0
0.449,18,0
0.45,18,0
0.451,18,0
0.452,18,0
0.453,18,0
0.454,18,0
0.455,18,0
0.456,18,0
0.457,18,0
0.458,18,0
0.459,18,0
0.46,18,0
0.461,18,0
0.462,18,0
0.463,18,0
0.464,18,0
0.465,18,0
0.466,18,0
0.467,18,0
0.468,18,0
0.469,18,0
0.47,18,0
0.471,18,0
0.472,18,0
0.473,18,0
0.474,18,0
0.475,18,0
0.476,18,0
0.477,18,0
0.478,18,0
0.479,18,0
0.48,18,0
0.481,18,0
0.482,18,0
0.483,18,0
0.484,18,0
0.485,18,0
0.486,18,0
0.487,18,0
0.488,18,0
0.489,18,0
0.49,18,0
0.491,18,0
0.492,18,0
0.493,18,0
0.494,18,0
0.495,18,0
0.496,18,0
0.497,18,0
0.498,18,0
0.499,18,0
0.5,18,0
0.501,18,0
0.502,18,0
0.503,18,0
0.504,18,0
0.505,18,0
0.506,18,0
0.507,18,0
0.508,18,0
0.509,18,0
0.51,18,0
0.511,18,0
0.512,18,0
0.513,18,0
0.514,18,0
0.515,18,0
0.516,18,0
0.517,18,0
0.518,18,0
0.519,18,0
0.52,18,0
0.521,18,0
0.522,18,0
0.523,18,0
0.524,18,0
0.525,18,0
0.526,18,0
0.527,18,0
0.528,18,0
0.529,18,0
0.53,18,0
0.531,18,0
0.532,18,0
0.533,18,0
0.534,18,0
0.535,18,0
0.536,18,0
0.537,18,0
0.538,18,0
0.539,18,0
0.54,18,0
0.541,18,0
0.542,18,0
0.543,18,0
0.544,18,0
0.545,18,0
0.546,18,0
0.547,18,0
0.548,18,0
0.549,18,0
0.55,18,0
0.551,18,0
0.552,18,0
0.553,18,0
0.554,18,0
0.555,18,0
0.556,18,0
0.557,18,0
0.558,18,0
0.559,18,0
0.56,18,0
0.561,18,0
0.562,18,0
0.563,18,0
0.564,18,0
0.565,18,0
0.566,18,0
0.567,18,0
0.568,18,0
0.569,18,0
0.57,18,0
0.571,18,0
0.572,18,0
0.573,18,0
0.574,18,0
0.575,18,0
0.576,18,0
0.577,18,0
0.578,18,0
0.579,18,0
0.58,18,0
0.581,18,0
0.582,18,0
0.583,18,0
0.584,18,0
0.585,18,0
0.586,18,0
0.587,18,0
0.588,18,0
0.589,18,0
0.59,18,0
0.591,18,0
0.592,18,0
0.593,18,0
0.594,18,0
0.595,18,0
0.596,18,0
0.597,18,0
0.598,18,0
0.599,18,0
0.6,18,0
0.601,18,0
0.602,18,0
0.603,18,0
0.604,18,0
0.605,18,0
0.606,18,0
0.607,18,0
0.608,18,0
0.609,18,0
0.61,18,0
0.611,18,0
0.612,18,0
0.613,18,0
0.614,18,0
0.615,18,0
0.616,18,0
0.617,18,0
0.618,18,0
0.619,18,0
0.62,18,0
0.621,18,0
0.622,18,0
0.623,18,0
0.624,18,0
0.625,18,0
0.626,18,0
0.627,18,0
0.628,18,0
0.629,18,0
0.63,18,0
0.631,18,0
0.632,18,0
0.633,18,0
0.634,18,0
0.635,18,0
0.636,18,0
0.637,18,0
0.638,18,0
0.639,18,0
0.64,18,0
0.641,18,0
0.642,18,0
0.643,18,0
0.644,18,0
0.645,18,0
0.646,18,0
0.647,18,0
0.648,18,0
0.649,18,0
0.65,18,0
0.651,18,0
0.652,18,0
0.653,18,0
0.654,18,0
0.655,18,0
0.656,18,0
0.657,18,0
0.658,18,0
0.659,18,0
0.66,18,0
0.661,18,0
0.662,18,0
0.663,18,0
0.664,18,0
0.665,18,0
0.666,18,0
0.667,18,0
0.668,18,0
0.669,18,0
0.67,18,0
0.671,18,0
0.672,18,0
0.673,18,0
0.674,18,0
0.675,18,0
0.676,18,0
0.677,18,0
0.678,18,0
0.679,18,0
0.68,18,0
0.681,18,0
0.682,18,0
0.683,18,0
0.684,18,0
0.685,18,0
0.686,18,0
0.687,18,0
0.688,18,0
0.689,18,0
0.69,18,0
0.691,18,0
0.692,18,0
0.693,18,0
0.694,18,0
0.695,18,0
0.696,18,0
0.697,18,0
0.698,18,0
0.699,18,0
0.7,18,0
0.701,18,0
0.702,18,0
0.703,18,0
0.704,18,0
0.705,18,0
0.706,18,0
0.707,18,0
0.708,18,0
0.709,18,0
0.71,18,0
0.711,18,0
0.712,18,0
0.713,18,0
0.714,18,0
0.715,18,0
0.716,18,0
0.717,18,0
0.718,18,0
0.719,18,0
0.72,18,0
0.721,18,0
0.722,18,0
0.723,18,0
0.724,18,0
0.725,18,0
0.726,18,0
0.727,18,0
0.728,18,0
0.729,18,0
0.73,18,0
0.731,18,0
0.732,18,0
0.733,18,0
0.734,18,0
0.735,18,0
0.736,18,0
0.737,18,0
0.738,18,0
0.739,18,0
0.74,18,0
0.741,18,0
0.742,18,0
0.743,18,0
0.744,18,0
0.745,18,0
0.746,18,0
0.747,18,0
0.748,18,0
0.749,18,0
0.75,18,0
0.751,18,0
0.752,18,0
0.753,18,0
0.754,18,0
0.755,18,0
0.756,18,0
0.757,18,0
0.758,18,0
0.759,18,0
0.76,18,0
0.761,18,0
0.762,18,0
0.763,18,0
0.764,18,0
0.765,18,0
0.766,18,0
0.767,18,0
0.768,18,0
0.769,18,0
0.77,18,0
0.771,18,0
0.772,18,0
0.773,18,0
0.774,18,0
0.775,18,0
0.776,18,0
0.777,18,0
0.778,18,0
0.779,18,0
0.78,18,0
0.781,18,0
0.782,18,0
0.783,18,0
0.784,18,0
0.785,18,0
0.786,18,0
0.787,18,0
0.788,18,0
0.789,18,0
0.79,18,0
0.791,18,0
0.792,18,0
0.793,18,0
0.794,18,0
0.795,18,0
0.796,18,0
0.797,18,0
0.798,18,0
0.799,18,0
0.8,18,0.06
0.801,18,0.06
0.802,18,0.06
0.803,18,0.06
0.804,18,0.06
0.805,18,0.06
0.806,18,0.06
0.807,18,0.06
0.808,18,0.06
0.809,18,0.06
0.81,18,0.06
0.811,18,0.06
0.812,18,0.06
0.813,18,0.06
0.814,18,0.06
0.815,18,0.06
0.816,18,0.06
0.817,18,0.06
0.818,18,0.06
0.819,18,0.06
0.82,18,0.06
0.821,18,0.06
0.822,18,0.06
0.823,18,0.06
0.824,18,0.06
0.825,18,0.06
0.826,18,0.06
0.827,18,0.06
0.828,18,0.06
0.829,18,0.06
0.83,18,0.06
0.831,18,0.06
0.832,18,0.06
0.833,18,0.06
0.834,18,0.06
0.835,18,0.06
0.836,18,0.06
0.837,18,0.06
0.838,18,0.06
0.839,18,0.06
0.84,18,0.06
0.841,18,0.06
0.842,18,0.06
0.843,18,0.06
0.844,18,0.06
0.845,18,0.06
0.846,18,0.06
0.847,18,0.06
0.848,18,0.06
0.849,18,0.06
0.85,18,0.06
0.851,18,0.06
0.852,18,0.06
0.853,18,0.06
0.854,18,0.06
0.855,18,0.06
0.856,18,0.06
0.857,18,0.06
0.858,18,0.06
0.859,18,0.06
0.86,18,0.06
0.861,18,0.06
0.862,18,0.06
0.863,18,0.06
0.864,18,0.06
0.865,18,0.06
0.866,18,0.06
0.867,18,0.06
0.868,18,0.06
0.869,18,0.06
0.87,18,0.06
0.871,18,0.06
0.872,18,0.06
0.873,18,0.06
0.874,18,0.06
0.875,18,0.06
0.876,18,0.06
0.877,18,0.06
0.878,18,0.06
0.879,18,0.06
0.88,18,0.06
0.881,18,0.06
0.882,18,0.06
0.883,18,0.06
0.884,18,0.06
0.885,18,0.06
0.886,18,0.06
0.887,18,0.06
0.888,18,0.06
0.889,18,0.06
0.89,18,0.06
0.891,18,0.06
0.892,18,0.06
0.893,18,0.06
0.894,18,0.06
0.895,18,0.06
0.896,18,0.06
0.897,18,0.06
0.898,18,0.06
0.899,18,0.06
0.9,18,0.06
0.901,18,0.06
0.902,18,0.06
0.903,18,0.06
0.904,18,0.06
0.905,18,0.06
0.906,18,0.06
0.907,18,0.06
0.908,18,0.06
0.909,18,0.06
0.91,18,0.06
0.911,18,0.06
0.912,18,0.06
0.913,18,0.06
0.914,18,0.06
0.915,18,0.06
0.916,18,0.06
0.917,18,0.06
0.918,18,0.06
0.919,18,0.06
0.92,18,0.06
0.921,18,0.06
0.922,18,0.06
0.923,18,0.06
0.924,18,0.06
0.925,18,0.06
0.926,18,0.06
0.927,18,0.06
0.928,18,0.06
0.929,18,0.06
0.93,18,0.06
0.931,18,0.06
0.932,18,0.06
0.933,18,0.06
0.934,18,0.06
0.935,18,0.06
0.936,18,0.06
0.937,18,0.06
0.938,18,0.06
0.939,18,0.06
0.94,18,0.06
0.941,18,0.06
0.942,18,0.06
0.943,18,0.06
0.944,18,0.06
0.945,18,0.06
0.946,18,0.06
0.947,18,0.06
0.948,18,0.06
0.949,18,0.06
0.95,18,0.06
0.951,18,0.06
0.952,18,0.06
0.953,18,0.06
0.954,18,0.06
0.955,18,0.06
0.956,18,0.06
0.957,18,0.06
0.958,18,0.06
0.959,18,0.06
0.96,18,0.06
0.961,18,0.06
0.962,18,0.06
0.963,18,0.06
0.964,18,0.06
0.965,18,0.06
0.966,18,0.06
0.967,18,0.06
0.968,18,0.06
0.969,18,0.06
0.97,18,0.06
0.971,18,0.06
0.972,18,0.06
0.973,18,0.06
0.974,18,0.06
0.975,18,0.06
0.976,18,0.06
0.977,18,0.06
0.978,18,0.06
0.979,18,0.06
0.98,18,0.06
0.981,18,0.06
0.982,18,0.06
0.983,18,0.06
0.984,18,0.06
0.985,18,0.06
0.986,18,0.06
0.987,18,0.06
0.988,18,0.06
0.989,18,0.06
0.99,18,0.06
0.991,18,0.06
0.992,18,0.06
0.993,18,0.06
0.994,18,0.06
0.995,18,0.06
0.996,18,0.06
0.997,18,0.06
0.998,18,0.06
0.999,18,0.06
1,12,0.06
1.001,12,0.06
1.002,12,0.06
1.003,12,0.06
1.004,12,0.06
1.005,12,0.06
1.006,12,0.06
1.007,12,0.06
1.008,12,0.06
1.009,12,0.06
1.01,12,0.06
1.011,12,0.06
1.012,12,0.06
1.013,12,0.06
1.014,12,0.06
1.015,12,0.06
1.016,12,0.06
1.017,12,0.06
1.018,12,0.06
1.019,12,0.06
1.02,12,0.06
1.021,12,0.06
1.022,12,0.06
1.023,12,0.06
1.024,12,0.06
1.025,12,0.06
1.026,12,0.06
1.027,12,0.06
1.028,12,0.06
1.029,12,0.06
1.03,12,0.06
1.031,12,0.06
1.032,12,0.06
1.033,12,0.06
1.034,12,0.06
1.035,12,0.06
1.036,12,0.06
1.037,12,0.06
1.038,12,0.06
1.039,12,0.06
1.04,12,0.06
1.041,12,0.06
1.042,12,0.06
1.043,12,0.06
1.044,12,0.06
1.045,12,0.06
1.046,12,0.06
1.047,12,0.06
1.048,12,0.06
1.049,12,0.06
1.05,12,0.06
1.051,12,0.06
1.052,12,0.06
1.053,12,0.06
1.054,12,0.06
1.055,12,0.06
1.056,12,0.06
1.057,12,0.06
1.058,12,0.06
1.059,12,0.06
1.06,12,0.06
1.061,12,0.06
1.062,12,0.06
1.063,12,0.06
1.064,12,0.06
1.065,12,0.06
1.066,12,0.06
1.067,12,0.06
1.068,12,0.06
1.069,12,0.06
1.07,12,0.06
1.071,12,0.06
1.072,12,0.06
1.073,12,0.06
1.074,12,0.06
1.075,12,0.06
1.076,12,0.06
1.077,12,0.06
1.078,12,0.06
1.079,12,0.06
1.08,12,0.06
1.081,12,0.06
1.082,12,0.06
1.083,12,0.06
1.084,12,0.06
1.085,12,0.06
1.086,12,0.06
1.087,12,0.06
1.088,12,0.06
1.089,12,0.06
1.09,12,0.06
1.091,12,0.06
1.092,12,0.06
1.093,12,0.06
1.094,12,0.06
1.095,12,0.06
1.096,12,0.06
1.097,12,0.06
1.098,12,0.06
1.099,12,0.06
1.1,12,0.06
1.101,12,0.06
1.102,12,0.06
1.103,12,0.06
1.104,12,0.06
1.105,12,0.06
1.106,12,0.06
1.107,12,0.06
1.108,12,0.06
1.109,12,0.06
1.11,12,0.06
1.111,12,0.06
1.112,12,0.06
1.113,12,0.06
1.114,12,0.06
1.115,12,0.06
1.116,12,0.06
1.117,12,0.06
1.118,12,0.06
1.119,12,0.06
1.12,12,0.06
1.121,12,0.06
1.122,12,0.06
1.123,12,0.06
1.124,12,0.06
1.125,12,0.06
1.126,12,0.06
1.127,12,0.06
1.128,12,0.06
1.129,12,0.06
1.13,12,0.06
1.131,12,0.06
1.132,12,0.06
1.133,12,0.06
1.134,12,0.06
1.135,12,0.06
1.136,12,0.06
1.137,12,0.06
1.138,12,0.06
1.139,12,0.06
1.14,12,0.06
1.141,12,0.06
1.142,12,0.06
1.143,12,0.06
1.144,12,0.06
1.145,12,0.06
1.146,12,0.06
1.147,12,0.06
1.148,12,0.06
1.149,12,0.06
1.15,12,0.06
1.151,12,0.06
1.152,12,0.06
1.153,12,0.06
1.154,12,0.06
1.155,12,0.06
1.156,12,0.06
1.157,12,0.06
1.158,12,0.06
1.159,12,0.06
1.16,12,0.06
1.161,12,0.06
1.162,12,0.06
1.163,12,0.06
1.164,12,0.06
1.165,12,0.06
1.166,12,0.06
1.167,12,0.06
1.168,12,0.06
1.169,12,0.06
1.17,12,0.06
1.171,12,0.06
1.172,12,0.06
1.173,12,0.06
1.174,12,0.06
1.175,12,0.06
1.176,12,0.06
1.177,12,0.06
1.178,12,0.06
1.179,12,0.06
1.18,12,0.06
1.181,12,0.06
1.182,12,0.06
1.183,12,0.06
1.184,12,0.06
1.185,12,0.06
1.186,12,0.06
1.187,12,0.06
1.188,12,0.06
1.189,12,0.06
1.19,12,0.06
1.191,12,0.06
1.192,12,0.06
1.193,12,0.06
1.194,12,0.06
1.195,12,0.06
1.196,12,0.06
1.197,12,0.06
1.198,12,0.06
1.199,12,0.06
1.2,12,0.06
1.201,12,0.06
1.202,12,0.06
1.203,12,0.06
1.204,12,0.06
1.205,12,0.06
1.206,12,0.06
1.207,12,0.06
1.208,12,0.06
1.209,12,0.06
1.21,12,0.06
1.211,12,0.06
1.212,12,0.06
1.213,12,0.06
1.214,12,0.06
1.215,12,0.06
1.216,12,0.06
1.217,12,0.06
1.218,12,0.06
1.219,12,0.06
1.22,12,0.06
1.221,12,0.06
1.222,12,0.06
1.223,12,0.06
1.224,12,0.06
1.225,12,0.06
1.226,12,0.06
1.227,12,0.06
1.228,12,0.06
1.229,12,0.06
1.23,12,0.06
1.231,12,0.06
1.232,12,0.06
1.233,12,0.06
1.234,12,0.06
1.235,12,0.06
1.236,12,0.06
1.237,12,0.06
1.238,12,0.06
1.239,12,0.06
1.24,12,0.06
1.241,12,0.06
1.242,12,0.06
1.243,12,0.06
1.244,12,0.06
1.245,12,0.06
1.246,12,0.06
1.247,12,0.06
1.248,12,0.06
1.249,12,0.06
1.25,12,0.06
1.251,12,0.06
1.252,12,0.06
1.253,12,0.06
1.254,12,0.06
1.255,12,0.06
1.256,12,0.06
1.257,12,0.06
1.258,12,0.06
1.259,12,0.06
1.26,12,0.06
1.261,12,0.06
1.262,12,0.06
1.263,12,0.06
1.264,12,0.06
1.265,12,0.06
1.266,12,0.06
1.267,12,0.06
1.268,12,0.06
1.269,12,0.06
1.27,12,0.06
1.271,12,0.06
1.272,12,0.06
1.273,12,0.06
1.274,12,0.06
1.275,12,0.06
1.276,12,0.06
1.277,12,0.06
1.278,12,0.06
1.279,12,0.06
1.28,12,0.06
1.281,12,0.06
1.282,12,0.06
1.283,12,0.06
1.284,12,0.06
1.285,12,0.06
1.286,12,0.06
1.287,12,0.06
1.288,12,0.06
1.289,12,0.06
1.29,12,0.06
1.291,12,0.06
1.292,12,0.06
1.293,12,0.06
1.294,12,0.06
1.295,12,0.06
1.296,12,0.06
1.297,12,0.06
1.298,12,0.06
1.299,12,0.06
1.3,12,0.06
1.301,12,0.06
1.302,12,0.06
1.303,12,0.06
1.304,12,0.06
1.305,12,0.06
1.306,12,0.06
1.307,12,0.06
1.308,12,0.06
1.309,12,0.06
1.31,12,0.06
1.311,12,0.06
1.312,12,0.06
1.313,12,0.06
1.314,12,0.06
1.315,12,0.06
1.316,12,0.06
1.317,12,0.06
1.318,12,0.06
1.319,12,0.06
1.32,12,0.06
1.321,12,0.06
1.322,12,0.06
1.323,12,0.06
1.324,12,0.06
1.325,12,0.06
1.326,12,0.06
1.327,12,0.06
1.328,12,0.06
1.329,12,0.06
1.33,12,0.06
1.331,12,0.06
1.332,12,0.06
1.333,12,0.06
1.334,12,0.06
1.335,12,0.06
1.336,12,0.06
1.337,12,0.06
1.338,12,0.06
1.339,12,0.06
1.34,12,0.06
1.341,12,0.06
1.342,12,0.06
1.343,12,0.06
1.344,12,0.06
1.345,12,0.06
1.346,12,0.06
1.347,12,0.06
1.348,12,0.06
1.349,12,0.06
1.35,12,0.06
1.351,12,0.06
1.352,12,0.06
1.353,12,0.06
1.354,12,0.06
1.355,12,0.06
1.356,12,0.06
1.357,12,0.06
1.358,12,0.06
1.359,12,0.06
1.36,12,0.06
1.361,12,0.06
1.362,12,0.06
1.363,12,0.06
1.364,12,0.06
1.365,12,0.06
1.366,12,0.06
1.367,12,0.06
1.368,12,0.06
1.369,12,0.06
1.37,12,0.06
1.371,12,0.06
1.372,12,0.06
1.373,12,0.06
1.374,12,0.06
1.375,12,0.06
1.376,12,0.06
1.377,12,0.06
1.378,12,0.06
1.379,12,0.06
1.38,12,0.06
1.381,12,0.06
1.382,12,0.06
1.383,12,0.06
1.384,12,0.06
1.385,12,0.06
1.386,12,0.06
1.387,12,0.06
1.388,12,0.06
1.389,12,0.06
1.39,12,0.06
1.391,12,0.06
1.392,12,0.06
1.393,12,0.06
1.394,12,0.06
1.395,12,0.06
1.396,12,0.06
1.397,12,0.06
1.398,12,0.06
1.399,12,0.06
1.4,12,0.06
1.401,12,0.06
1.402,12,0.06
1.403,12,0.06
1.404,12,0.06
1.405,12,0.06
1.406,12,0.06
1.407,12,0.06
1.408,12,0.06
1.409,12,0.06
1.41,12,0.06
1.411,12,0.06
1.412,12,0.06
1.413,12,0.06
1.414,12,0.06
1.415,12,0.06
1.416,12,0.06
1.417,12,0.06
1.418,12,0.06
1.419,12,0.06
1.42,12,0.06
1.421,12,0.06
1.422,12,0.06
1.423,12,0.06
1.424,12,0.06
1.425,12,0.06
1.426,12,0.06
1.427,12,0.06
1.428,12,0.06
1.429,12,0.06
1.43,12,0.06
1.431,12,0.06
1.432,12,0.06
1.433,12,0.06
1.434,12,0.06
1.435,12,0.06
1.436,12,0.06
1.437,12,0.06
1.438,12,0.06
1.439,12,0.06
1.44,12,0.06
1.441,12,0.06
1.442,12,0.06
1.443,12,0.06
1.444,12,0.06
1.445,12,0.06
1.446,12,0.06
1.447,12,0.06
1.448,12,0.06
1.449,12,0.06
1.45,12,0.06
1.451,12,0.06
1.452,12,0.06
1.453,12,0.06
1.454,12,0.06
1.455,12,0.06
1.456,12,0.06
1.457,12,0.06
1.458,12,0.06
1.459,12,0.06
1.46,12,0.06
1.461,12,0.06
1.462,12,0.06
1.463,12,0.06
1.464,12,0.06
1.465,12,0.06
1.466,12,0.06
1.467,12,0.06
1.468,12,0.06
1.469,12,0.06
1.47,12,0.06
1.471,12,0.06
1.472,12,0.06
1.473,12,0.06
1.474,12,0.06
1.475,12,0.06
1.476,12,0.06
1.477,12,0.06
1.478,12,0.06
1.479,12,0.06
1.48,12,0.06
1.481,12,0.06
1.482,12,0.06
1.483,12,0.06
1.484,12,0.06
1.485,12,0.06
1.486,12,0.06
1.487,12,0.06
1.488,12,0.06
1.489,12,0.06
1.49,12,0.06
1.491,12,0.06
1.492,12,0.06
1.493,12,0.06
1.494,12,0.06
1.495,12,0.06
1.496,12,0.06
1.497,12,0.06
1.498,12,0.06
1.499,12,0.06
1.5,12,0.06
1.501,12,0.06
1.502,12,0.06
1.503,12,0.06
1.504,12,0.06
1.505,12,0.06
1.506,12,0.06
1.507,12,0.06
1.508,12,0.06
1.509,12,0.06
1.51,12,0.06
1.511,12,0.06
1.512,12,0.06
1.513,12,0.06
1.514,12,0.06
1.515,12,0.06
1.516,12,0.06
1.517,12,0.06
1.518,12,0.06
1.519,12,0.06
1.52,12,0.06
1.521,12,0.06
1.522,12,0.06
1.523,12,0.06
1.524,12,0.06
1.525,12,0.06
1.526,12,0.06
1.527,12,0.06
1.528,12,0.06
1.529,12,0.06
1.53,12,0.06
1.531,12,0.06
1.532,12,0.06
1.533,12,0.06
1.534,12,0.06
1.535,12,0.06
1.536,12,0.06
1.537,12,0.06
1.538,12,0.06
1.539,12,0.06
1.54,12,0.06
1.541,12,0.06
1.542,12,0.06
1.543,12,0.06
1.544,12,0.06
1.545,12,0.06
1.546,12,0.06
1.547,12,0.06
1.548,12,0.06
1.549,12,0.06
1.55,12,0.06
1.551,12,0.06
1.552,12,0.06
1.553,12,0.06
1.554,12,0.06
1.555,12,0.06
1.556,12,0.06
1.557,12,0.06
1.558,12,0.06
1.559,12,0.06
1.56,12,0.06
1.561,12,0.06
1.562,12,0.06
1.563,12,0.06
1.564,12,0.06
1.565,12,0.06
1.566,12,0.06
1.567,12,0.06
1.568,12,0.06
1.569,12,0.06
1.57,12,0.06
1.571,12,0.06
1.572,12,0.06
1.573,12,0.06
1.574,12,0.06
1.575,12,0.06
1.576,12,0.06
1.577,12,0.06
1.578,12,0.06
1.579,12,0.06
1.58,12,0.06
1.581,12,0.06
1.582,12,0.06
1.583,12,0.06
1.584,12,0.06
1.585,12,0.06
1.586,12,0.06
1.587,12,0.06
1.588,12,0.06
1.589,12,0.06
1.59,12,0.06
1.591,12,0.06
1.592,12,0.06
1.593,12,0.06
1.594,12,0.06
1.595,12,0.06
1.596,12,0.06
1.597,12,0.06
1.598,12,0.06
1.599,12,0.06
1.6,12,0.06
1.601,12,0.06
1.602,12,0.06
1.603,12,0.06
1.604,12,0.06
1.605,12,0.06
1.606,12,0.06
1.607,12,0.06
1.608,12,0.06
1.609,12,0.06
1.61,12,0.06
1.611,12,0.06
1.612,12,0.06
1.613,12,0.06
1.614,12,0.06
1.615,12,0.06
1.616,12,0.06
1.617,12,0.06
1.618,12,0.06
1.619,12,0.06
1.62,12,0.06
1.621,12,0.06
1.622,12,0.06
1.623,12,0.06
1.624,12,0.06
1.625,12,0.06
1.626,12,0.06
1.627,12,0.06
1.628,12,0.06
1.629,12,0.06
1.63,12,0.06
1.631,12,0.06
1.632,12,0.06
1.633,12,0.06
1.634,12,0.06
1.635,12,0.06
1.636,12,0.06
1.637,12,0.06
1.638,12,0.06
1.639,12,0.06
1.64,12,0.06
1.641,12,0.06
1.642,12,0.06
1.643,12,0.06
1.644,12,0.06
1.645,12,0.06
1.646,12,0.06
1.647,12,0.06
1.648,12,0.06
1.649,12,0.06
1.65,12,0.06
1.651,12,0.06
1.652,12,0.06
1.653,12,0.06
1.654,12,0.06
1.655,12,0.06
1.656,12,0.06
1.657,12,0.06
1.658,12,0.06
1.659,12,0.06
1.66,12,0.06
1.661,12,0.06
1.662,12,0.06
1.663,12,0.06
1.664,12,0.06
1.665,12,0.06
1.666,12,0.06
1.667,12,0.06
1.668,12,0.06
1.669,12,0.06
1.67,12,0.06
1.671,12,0.06
1.672,12,0.06
1.673,12,0.06
1.674,12,0.06
1.675,12,0.06
1.676,12,0.06
1.677,12,0.06
1.678,12,0.06
1.679,12,0.06
1.68,12,0.06
1.681,12,0.06
1.682,12,0.06
1.683,12,0.06
1.684,12,0.06
1.685,12,0.06
1.686,12,0.06
1.687,12,0.06
1.688,12,0.06
1.689,12,0.06
1.69,12,0.06
1.691,12,0.06
1.692,12,0.06
1.693,12,0.06
1.694,12,0.06
1.695,12,0.06
1.696,12,0.06
1.697,12,0.06
1.698,12,0.06
1.699,12,0.06
1.7,12,0.06
1.701,12,0.06
1.702,12,0.06
1.703,12,0.06
1.704,12,0.06
1.705,12,0.06
1.706,12,0.06
1.707,12,0.06
1.708,12,0.06
1.709,12,0.06
1.71,12,0.06
1.711,12,0.06
1.712,12,0.06
1.713,12,0.06
1.714,12,0.06
1.715,12,0.06
1.716,12,0.06
1.717,12,0.06
1.718,12,0.06
1.719,12,0.06
1.72,12,0.06
1.721,12,0.06
1.722,12,0.06
1.723,12,0.06
1.724,12,0.06
1.725,12,0.06
1.726,12,0.06
1.727,12,0.06
1.728,12,0.06
1.729,12,0.06
1.73,12,0.06
1.731,12,0.06
1.732,12,0.06
1.733,12,0.06
1.734,12,0.06
1.735,12,0.06
1.736,12,0.06
1.737,12,0.06
1.738,12,0.06
1.739,12,0.06
1.74,12,0.06
1.741,12,0.06
1.742,12,0.06
1.743,12,0.06
1.744,12,0.06
1.745,12,0.06
1.746,12,0.06
1.747,12,0.06
1.748,12,0.06
1.749,12,0.06
1.75,12,0.06
1.751,12,0.06
1.752,12,0.06
1.753,12,0.06
1.754,12,0.06
1.755,12,0.06
1.756,12,0.06
1.757,12,0.06
1.758,12,0.06
1.759,12,0.06
1.76,12,0.06
1.761,12,0.06
1.762,12,0.06
1.763,12,0.06
1.764,12,0.06
1.765,12,0.06
1.766,12,0.06
1.767,12,0.06
1.768,12,0.06
1.769,12,0.06
1.77,12,0.06
1.771,12,0.06
1.772,12,0.06
1.773,12,0.06
1.774,12,0.06
1.775,12,0.06
1.776,12,0.06
1.777,12,0.06
1.778,12,0.06
1.779,12,0.06
1.78,12,0.06
1.781,12,0.06
1.782,12,0.06
1.783,12,0.06
1.784,12,0.06
1.785,12,0.06
1.786,12,0.06
1.787,12,0.06
1.788,12,0.06
1.789,12,0.06
1.79,12,0.06
1.791,12,0.06
1.792,12,0.06
1.793,12,0.06
1.794,12,0.06
1.795,12,0.06
1.796,12,0.06
1.797,12,0.06
1.798,12,0.06
1.799,12,0.06
1.8,12,0.06
1.801,12,0.06
1.802,12,0.06
1.803,12,0.06
1.804,12,0.06
1.805,12,0.06
1.806,12,0.06
1.807,12,0.06
1.808,12,0.06
1.809,12,0.06
1.81,12,0.06
1.811,12,0.06
1.812,12,0.06
1.813,12,0.06
1.814,12,0.06
1.815,12,0.06
1.816,12,0.06
1.817,12,0.06
1.818,12,0.06
1.819,12,0.06
1.82,12,0.06
1.821,12,0.06
1.822,12,0.06
1.823,12,0.06
1.824,12,0.06
1.825,12,0.06
1.826,12,0.06
1.827,12,0.06
1.828,12,0.06
1.829,12,0.06
1.83,12,0.06
1.831,12,0.06
1.832,12,0.06
1.833,12,0.06
1.834,12,0.06
1.835,12,0.06
1.836,12,0.06
1.837,12,0.06
1.838,12,0.06
1.839,12,0.06
1.84,12,0.06
1.841,12,0.06
1.842,12,0.06
1.843,12,0.06
1.844,12,0.06
1.845,12,0.06
1.846,12,0.06
1.847,12,0.06
1.848,12,0.06
1.849,12,0.06
1.85,12,0.06
1.851,12,0.06
1.852,12,0.06
1.853,12,0.06
1.854,12,0.06
1.855,12,0.06
1.856,12,0.06
1.857,12,0.06
1.858,12,0.06
1.859,12,0.06
1.86,12,0.06
1.861,12,0.06
1.862,12,0.06
1.863,12,0.06
1.864,12,0.06
1.865,12,0.06
1.866,12,0.06
1.867,12,0.06
1.868,12,0.06
1.869,12,0.06
1.87,12,0.06
1.871,12,0.06
1.872,12,0.06
1.873,12,0.06
1.874,12,0.06
1.875,12,0.06
1.876,12,0.06
1.877,12,0.06
1.878,12,0.06
1.879,12,0.06
1.88,12,0.06
1.881,12,0.06
1.882,12,0.06
1.883,12,0.06
1.884,12,0.06
1.885,12,0.06
1.886,12,0.06
1.887,12,0.06
1.888,12,0.06
1.889,12,0.06
1.89,12,0.06
1.891,12,0.06
1.892,12,0.06
1.893,12,0.06
1.894,12,0.06
1.895,12,0.06
1.896,12,0.06
1.897,12,0.06
1.898,12,0.06
1.899,12,0.06
1.9,12,0.06
1.901,12,0.06
1.902,12,0.06
1.903,12,0.06
1.904,12,0.06
1.905,12,0.06
1.906,12,0.06
1.907,12,0.06
1.908,12,0.06
1.909,12,0.06
1.91,12,0.06
1.911,12,0.06
1.912,12,0.06
1.913,12,0.06
1.914,12,0.06
1.915,12,0.06
1.916,12,0.06
1.917,12,0.06
1.918,12,0.06
1.919,12,0.06
1.92,12,0.06
1.921,12,0.06
1.922,12,0.06
1.923,12,0.06
1.924,12,0.06
1.925,12,0.06
1.926,12,0.06
1.927,12,0.06
1.928,12,0.06
1.929,12,0.06
1.93,12,0.06
1.931,12,0.06
1.932,12,0.06
1.933,12,0.06
1.934,12,0.06
1.935,12,0.06
1.936,12,0.06
1.937,12,0.06
1.938,12,0.06
1.939,12,0.06
1.94,12,0.06
1.941,12,0.06
1.942,12,0.06
1.943,12,0.06
1.944,12,0.06
1.945,12,0.06
1.946,12,0.06
1.947,12,0.06
1.948,12,0.06
1.949,12,0.06
1.95,12,0.06
1.951,12,0.06
1.952,12,0.06
1.953,12,0.06
1.954,12,0.06
1.955,12,0.06
1.956,12,0.06
1.957,12,0.06
1.958,12,0.06
1.959,12,0.06
1.96,12,0.06
1.961,12,0.06
1.962,12,0.06
1.963,12,0.06
1.964,12,0.06
1.965,12,0.06
1.966,12,0.06
1.967,12,0.06
1.968,12,0.06
1.969,12,0.06
1.97,12,0.06
1.971,12,0.06
1.972,12,0.06
1.973,12,0.06
1.974,12,0.06
1.975,12,0.06
1.976,12,0.06
1.977,12,0.06
1.978,12,0.06
1.979,12,0.06
1.98,12,0.06
1.981,12,0.06
1.982,12,0.06
1.983,12,0.06
1.984,12,0.06
1.985,12,0.06
1.986,12,0.06
1.987,12,0.06
1.988,12,0.06
1.989,12,0.06
1.99,12,0.06
1.991,12,0.06
1.992,12,0.06
1.993,12,0.06
1.994,12,0.06
1.995,12,0.06
1.996,12,0.06
1.997,12,0.06
1.998,12,0.06
1.999,12,0.06
2,-6,0.06
2.001,-6,0.06
2.002,-6,0.06
2.003,-6,0.06
2.004,-6,0.06
2.005,-6,0.06
2.006,-6,0.06
2.007,-6,0.06
2.008,-6,0.06
2.009,-6,0.06
2.01,-6,0.06
2.011,-6,0.06
2.012,-6,0.06
2.013,-6,0.06
2.014,-6,0.06
2.015,-6,0.06
2.016,-6,0.06
2.017,-6,0.06
2.018,-6,0.06
2.019,-6,0.06
2.02,-6,0.06
2.021,-6,0.06
2.022,-6,0.06
2.023,-6,0.06
2.024,-6,0.06
2.025,-6,0.06
2.026,-6,0.06
2.027,-6,0.06
2.028,-6,0.06
2.029,-6,0.06
2.03,-6,0.06
2.031,-6,0.06
2.032,-6,0.06
2.033,-6,0.06
2.034,-6,0.06
2.035,-6,0.06
2.036,-6,0.06
2.037,-6,0.06
2.038,-6,0.06
2.039,-6,0.06
2.04,-6,0.06
2.041,-6,0.06
2.042,-6,0.06
2.043,-6,0.06
2.044,-6,0.06
2.045,-6,0.06
2.046,-6,0.06
2.047,-6,0.06
2.048,-6,0.06
2.049,-6,0.06
2.05,-6,0.06
2.051,-6,0.06
2.052,-6,0.06
2.053,-6,0.06
2.054,-6,0.06
2.055,-6,0.06
2.056,-6,0.06
2.057,-6,0.06
2.058,-6,0.06
2.059,-6,0.06
2.06,-6,0.06
2.061,-6,0.06
2.062,-6,0.06
2.063,-6,0.06
2.064,-6,0.06
2.065,-6,0.06
2.066,-6,0.06
2.067,-6,0.06
2.068,-6,0.06
2.069,-6,0.06
2.07,-6,0.06
2.071,-6,0.06
2.072,-6,0.06
2.073,-6,0.06
2.074,-6,0.06
2.075,-6,0.06
2.076,-6,0.06
2.077,-6,0.06
2.078,-6,0.06
2.079,-6,0.06
2.08,-6,0.06
2.081,-6,0.06
2.082,-6,0.06
2.083,-6,0.06
2.084,-6,0.06
2.085,-6,0.06
2.086,-6,0.06
2.087,-6,0.06
2.088,-6,0.06
2.089,-6,0.06
2.09,-6,0.06
2.091,-6,0.06
2.092,-6,0.06
2.093,-6,0.06
2.094,-6,0.06
2.095,-6,0.06
2.096,-6,0.06
2.097,-6,0.06
2.098,-6,0.06
2.099,-6,0.06
2.1,-6,0.06
2.101,-6,0.06
2.102,-6,0.06
2.103,-6,0.06
2.104,-6,0.06
2.105,-6,0.06
2.106,-6,0.06
2.107,-6,0.06
2.108,-6,0.06
2.109,-6,0.06
2.11,-6,0.06
2.111,-6,0.06
2.112,-6,0.06
2.113,-6,0.06
2.114,-6,0.06
2.115,-6,0.06
2.116,-6,0.06
2.117,-6,0.06
2.118,-6,0.06
2.119,-6,0.06
2.12,-6,0.06
2.121,-6,0.06
2.122,-6,0.06
2.123,-6,0.06
2.124,-6,0.06
2.125,-6,0.06
2.126,-6,0.06
2.127,-6,0.06
2.128,-6,0.06
2.129,-6,0.06
2.13,-6,0.06
2.131,-6,0.06
2.132,-6,0.06
2.133,-6,0.06
2.134,-6,0.06
2.135,-6,0.06
2.136,-6,0.06
2.137,-6,0.06
2.138,-6,0.06
2.139,-6,0.06
2.14,-6,0.06
2.141,-6,0.06
2.142,-6,0.06
2.143,-6,0.06
2.144,-6,0.06
2.145,-6,0.06
2.146,-6,0.06
2.147,-6,0.06
2.148,-6,0.06
2.149,-6,0.06
2.15,-6,0.06
2.151,-6,0.06
2.152,-6,0.06
2.153,-6,0.06
2.154,-6,0.06
2.155,-6,0.06
2.156,-6,0.06
2.157,-6,0.06
2.158,-6,0.06
2.159,-6,0.06
2.16,-6,0.06
2.161,-6,0.06
2.162,-6,0.06
2.163,-6,0.06
2.164,-6,0.06
2.165,-6,0.06
2.166,-6,0.06
2.167,-6,0.06
2.168,-6,0.06
2.169,-6,0.06
2.17,-6,0.06
2.171,-6,0.06
2.172,-6,0.06
2.173,-6,0.06
2.174,-6,0.06
2.175,-6,0.06
2.176,-6,0.06
2.177,-6,0.06
2.178,-6,0.06
2.179,-6,0.06
2.18,-6,0.06
2.181,-6,0.06
2.182,-6,0.06
2.183,-6,0.06
2.184,-6,0.06
2.185,-6,0.06
2.186,-6,0.06
2.187,-6,0.06
2.188,-6,0.06
2.189,-6,0.06
2.19,-6,0.06
2.191,-6,0.06
2.192,-6,0.06
2.193,-6,0.06
2.194,-6,0.06
2.195,-6,0.06
2.196,-6,0.06
2.197,-6,0.06
2.198,-6,0.06
2.199,-6,0.06
2.2,-6,0.02
2.201,-6,0.02
2.202,-6,0.02
2.203,-6,0.02
2.204,-6,0.02
2.205,-6,0.02
2.206,-6,0.02
2.207,-6,0.02
2.208,-6,0.02
2.209,-6,0.02
2.21,-6,0.02
2.211,-6,0.02
2.212,-6,0.02
2.213,-6,0.02
2.214,-6,0.02
2.215,-6,0.02
2.216,-6,0.02
2.217,-6,0.02
2.218,-6,0.02
2.219,-6,0.02
2.22,-6,0.02
2.221,-6,0.02
2.222,-6,0.02
2.223,-6,0.02
2.224,-6,0.02
2.225,-6,0.02
2.226,-6,0.02
2.227,-6,0.02
2.228,-6,0.02
2.229,-6,0.02
2.23,-6,0.02
2.231,-6,0.02
2.232,-6,0.02
2.233,-6,0.02
2.234,-6,0.02
2.235,-6,0.02
2.236,-6,0.02
2.237,-6,0.02
2.238,-6,0.02
2.239,-6,0.02
2.24,-6,0.02
2.241,-6,0.02
2.242,-6,0.02
2.243,-6,0.02
2.244,-6,0.02
2.245,-6,0.02
2.246,-6,0.02
2.247,-6,0.02
2.248,-6,0.02
2.249,-6,0.02
2.25,-6,0.02
2.251,-6,0.02
2.252,-6,0.02
2.253,-6,0.02
2.254,-6,0.02
2.255,-6,0.02
2.256,-6,0.02
2.257,-6,0.02
2.258,-6,0.02
2.259,-6,0.02
2.26,-6,0.02
2.261,-6,0.02
2.262,-6,0.02
2.263,-6,0.02
2.264,-6,0.02
2.265,-6,0.02
2.266,-6,0.02
2.267,-6,0.02
2.268,-6,0.02
2.269,-6,0.02
2.27,-6,0.02
2.271,-6,0.02
2.272,-6,0.02
2.273,-6,0.02
2.274,-6,0.02
2.275,-6,0.02
2.276,-6,0.02
2.277,-6,0.02
2.278,-6,0.02
2.279,-6,0.02
2.28,-6,0.02
2.281,-6,0.02
2.282,-6,0.02
2.283,-6,0.02
2.284,-6,0.02
2.285,-6,0.02
2.286,-6,0.02
2.287,-6,0.02
2.288,-6,0.02
2.289,-6,0.02
2.29,-6,0.02
2.291,-6,0.02
2.292,-6,0.02
2.293,-6,0.02
2.294,-6,0.02
2.295,-6,0.02
2.296,-6,0.02
2.297,-6,0.02
2.298,-6,0.02
2.299,-6,0.02
2.3,-6,0.02
2.301,-6,0.02
2.302,-6,0.02
2.303,-6,0.02
2.304,-6,0.02
2.305,-6,0.02
2.306,-6,0.02
2.307,-6,0.02
2.308,-6,0.02
2.309,-6,0.02
2.31,-6,0.02
2.311,-6,0.02
2.312,-6,0.02
2.313,-6,0.02
2.314,-6,0.02
2.315,-6,0.02
2.316,-6,0.02
2.317,-6,0.02
2.318,-6,0.02
2.319,-6,0.02
2.32,-6,0.02
2.321,-6,0.02
2.322,-6,0.02
2.323,-6,0.02
2.324,-6,0.02
2.325,-6,0.02
2.326,-6,0.02
2.327,-6,0.02
2.328,-6,0.02
2.329,-6,0.02
2.33,-6,0.02
2.331,-6,0.02
2.332,-6,0.02
2.333,-6,0.02
2.334,-6,0.02
2.335,-6,0.02
2.336,-6,0.02
2.337,-6,0.02
2.338,-6,0.02
2.339,-6,0.02
2.34,-6,0.02
2.341,-6,0.02
2.342,-6,0.02
2.343,-6,0.02
2.344,-6,0.02
2.345,-6,0.02
2.346,-6,0.02
2.347,-6,0.02
2.348,-6,0.02
2.349,-6,0.02
2.35,-6,0.02
2.351,-6,0.02
2.352,-6,0.02
2.353,-6,0.02
2.354,-6,0.02
2.355,-6,0.02
2.356,-6,0.02
2.357,-6,0.02
2.358,-6,0.02
2.359,-6,0.02
2.36,-6,0.02
2.361,-6,0.02
2.362,-6,0.02
2.363,-6,0.02
2.364,-6,0.02
2.365,-6,0.02
2.366,-6,0.02
2.367,-6,0.02
2.368,-6,0.02
2.369,-6,0.02
2.37,-6,0.02
2.371,-6,0.02
2.372,-6,0.02
2.373,-6,0.02
2.374,-6,0.02
2.375,-6,0.02
2.376,-6,0.02
2.377,-6,0.02
2.378,-6,0.02
2.379,-6,0.02
2.38,-6,0.02
2.381,-6,0.02
2.382,-6,0.02
2.383,-6,0.02
2.384,-6,0.02
2.385,-6,0.02
2.386,-6,0.02
2.387,-6,0.02
2.388,-6,0.02
2.389,-6,0.02
2.39,-6,0.02
2.391,-6,0.02
2.392,-6,0.02
2.393,-6,0.02
2.394,-6,0.02
2.395,-6,0.02
2.396,-6,0.02
2.397,-6,0.02
2.398,-6,0.02
2.399,-6,0.02
2.4,0,0.02
2.401,0,0.02
2.402,0,0.02
2.403,0,0.02
2.404,0,0.02
2.405,0,0.02
2.406,0,0.02
2.407,0,0.02
2.408,0,0.02
2.409,0,0.02
2.41,0,0.02
2.411,0,0.02
2.412,0,0.02
2.413,0,0.02
2.414,0,0.02
2.415,0,0.02
2.416,0,0.02
2.417,0,0.02
2.418,0,0.02
2.419,0,0.02
2.42,0,0.02
2.421,0,0.02
2.422,0,0.02
2.423,0,0.02
2.424,0,0.02
2.425,0,0.02
2.426,0,0.02
2.427,0,0.02
2.428,0,0.02
2.429,0,0.02
2.43,0,0.02
2.431,0,0.02
2.432,0,0.02
2.433,0,0.02
2.434,0,0.02
2.435,0,0.02
2.436,0,0.02
2.437,0,0.02
2.438,0,0.02
2.439,0,0.02
2.44,0,0.02
2.441,0,0.02
2.442,0,0.02
2.443,0,0.02
2.444,0,0.02
2.445,0,0.02
2.446,0,0.02
2.447,0,0.02
2.448,0,0.02
2.449,0,0.02
2.45,0,0.02
2.451,0,0.02
2.452,0,0.02
2.453,0,0.02
2.454,0,0.02
2.455,0,0.02
2.456,0,0.02
2.457,0,0.02
2.458,0,0.02
2.459,0,0.02
2.46,0,0.02
2.461,0,0.02
2.462,0,0.02
2.463,0,0.02
2.464,0,0.02
2.465,0,0.02
2.466,0,0.02
2.467,0,0.02
2.468,0,0.02
2.469,0,0.02
2.47,0,0.02
2.471,0,0.02
2.472,0,0.02
2.473,0,0.02
2.474,0,0.02
2.475,0,0.02
2.476,0,0.02
2.477,0,0.02
2.478,0,0.02
2.479,0,0.02
2.48,0,0.02
2.481,0,0.02
2.482,0,0.02
2.483,0,0.02
2.484,0,0.02
2.485,0,0.02
2.486,0,0.02
2.487,0,0.02
2.488,0,0.02
2.489,0,0.02
2.49,0,0.02
2.491,0,0.02
2.492,0,0.02
2.493,0,0.02
2.494,0,0.02
2.495,0,0.02
2.496,0,0.02
2.497,0,0.02
2.498,0,0.02
2.499,0,0.02
2.5,0,0.02
2.501,0,0.02
2.502,0,0.02
2.503,0,0.02
2.504,0,0.02
2.505,0,0.02
2.506,0,0.02
2.507,0,0.02
2.508,0,0.02
2.509,0,0.02
2.51,0,0.02
2.511,0,0.02
2.512,0,0.02
2.513,0,0.02
2.514,0,0.02
2.515,0,0.02
2.516,0,0.02
2.517,0,0.02
2.518,0,0.02
2.519,0,0.02
2.52,0,0.02
2.521,0,0.02
2.522,0,0.02
2.523,0,0.02
2.524,0,0.02
2.525,0,0.02
2.526,0,0.02
2.527,0,0.02
2.528,0,0.02
2.529,0,0.02
2.53,0,0.02
2.531,0,0.02
2.532,0,0.02
2.533,0,0.02
2.534,0,0.02
2.535,0,0.02
2.536,0,0.02
2.537,0,0.02
2.538,0,0.02
2.539,0,0.02
2.54,0,0.02
2.541,0,0.02
2.542,0,0.02
2.543,0,0.02
2.544,0,0.02
2.545,0,0.02
2.546,0,0.02
2.547,0,0.02
2.548,0,0.02
2.549,0,0.02
2.55,0,0.02
2.551,0,0.02
2.552,0,0.02
2.553,0,0.02
2.554,0,0.02
2.555,0,0.02
2.556,0,0.02
2.557,0,0.02
2.558,0,0.02
2.559,0,0.02
2.56,0,0.02
2.561,0,0.02
2.562,0,0.02
2.563,0,0.02
2.564,0,0.02
2.565,0,0.02
2.566,0,0.02
2.567,0,0.02
2.568,0,0.02
2.569,0,0.02
2.57,0,0.02
2.571,0,0.02
2.572,0,0.02
2.573,0,0.02
2.574,0,0.02
2.575,0,0.02
2.576,0,0.02
2.577,0,0.02
2.578,0,0.02
2.579,0,0.02
2.58,0,0.02
2.581,0,0.02
2.582,0,0.02
2.583,0,0.02
2.584,0,0.02
2.585,0,0.02
2.586,0,0.02
2.587,0,0.02
2.588,0,0.02
2.589,0,0.02
2.59,0,0.02
2.591,0,0.02
2.592,0,0.02
2.593,0,0.02
2.594,0,0.02
2.595,0,0.02
2.596,0,0.02
2.597,0,0.02
2.598,0,0.02
2.599,0,0.02
2.6,0,0.02
2.601,0,0.02
2.602,0,0.02
2.603,0,0.02
2.604,0,0.02
2.605,0,0.02
2.606,0,0.02
2.607,0,0.02
2.608,0,0.02
2.609,0,0.02
2.61,0,0.02
2.611,0,0.02
2.612,0,0.02
2.613,0,0.02
2.614,0,0.02
2.615,0,0.02
2.616,0,0.02
2.617,0,0.02
2.618,0,0.02
2.619,0,0.02
2.62,0,0.02
2.621,0,0.02
2.622,0,0.02
2.623,0,0.02
2.624,0,0.02
2.625,0,0.02
2.626,0,0.02
2.627,0,0.02
2.628,0,0.02
2.629,0,0.02
2.63,0,0.02
2.631,0,0.02
2.632,0,0.02
2.633,0,0.02
2.634,0,0.02
2.635,0,0.02
2.636,0,0.02
2.637,0,0.02
2.638,0,0.02
2.639,0,0.02
2.64,0,0.02
2.641,0,0.02
2.642,0,0.02
2.643,0,0.02
2.644,0,0.02
2.645,0,0.02
2.646,0,0.02
2.647,0,0.02
2.648,0,0.02
2.649,0,0.02
2.65,0,0.02
2.651,0,0.02
2.652,0,0.02
2.653,0,0.02
2.654,0,0.02
2.655,0,0.02
2.656,0,0.02
2.657,0,0.02
2.658,0,0.02
2.659,0,0.02
2.66,0,0.02
2.661,0,0.02
2.662,0,0.02
2.663,0,0.02
2.664,0,0.02
2.665,0,0.02
2.666,0,0.02
2.667,0,0.02
2.668,0,0.02
2.669,0,0.02
2.67,0,0.02
2.671,0,0.02
2.672,0,0.02
2.673,0,0.02
2.674,0,0.02
2.675,0,0.02
2.676,0,0.02
2.677,0,0.02
2.678,0,0.02
2.679,0,0.02
2.68,0,0.02
2.681,0,0.02
2.682,0,0.02
2.683,0,0.02
2.684,0,0.02
2.685,0,0.02
2.686,0,0.02
2.687,0,0.02
2.688,0,0.02
2.689,0,0.02
2.69,0,0.02
2.691,0,0.02
2.692,0,0.02
2.693,0,0.02
2.694,0,0.02
2.695,0,0.02
2.696,0,0.02
2.697,0,0.02
2.698,0,0.02
2.699,0,0.02
2.7,0,0.02
2.701,0,0.02
2.702,0,0.02
2.703,0,0.02
2.704,0,0.02
2.705,0,0.02
2.706,0,0.02
2.707,0,0.02
2.708,0,0.02
2.709,0,0.02
2.71,0,0.02
2.711,0,0.02
2.712,0,0.02
2.713,0,0.02
2.714,0,0.02
2.715,0,0.02
2.716,0,0.02
2.717,0,0.02
2.718,0,0.02
2.719,0,0.02
2.72,0,0.02
2.721,0,0.02
2.722,0,0.02
2.723,0,0.02
2.724,0,0.02
2.725,0,0.02
2.726,0,0.02
2.727,0,0.02
2.728,0,0.02
2.729,0,0.02
2.73,0,0.02
2.731,0,0.02
2.732,0,0.02
2.733,0,0.02
2.734,0,0.02
2.735,0,0.02
2.736,0,0.02
2.737,0,0.02
2.738,0,0.02
2.739,0,0.02
2.74,0,0.02
2.741,0,0.02
2.742,0,0.02
2.743,0,0.02
2.744,0,0.02
2.745,0,0.02
2.746,0,0.02
2.747,0,0.02
2.748,0,0.02
2.749,0,0.02
2.75,0,0.02
2.751,0,0.02
2.752,0,0.02
2.753,0,0.02
2.754,0,0.02
2.755,0,0.02
2.756,0,0.02
2.757,0,0.02
2.758,0,0.02
2.759,0,0.02
2.76,0,0.02
2.761,0,0.02
2.762,0,0.02
2.763,0,0.02
2.764,0,0.02
2.765,0,0.02
2.766,0,0.02
2.767,0,0.02
2.768,0,0.02
2.769,0,0.02
2.77,0,0.02
2.771,0,0.02
2.772,0,0.02
2.773,0,0.02
2.774,0,0.02
2.775,0,0.02
2.776,0,0.02
2.777,0,0.02
2.778,0,0.02
2.779,0,0.02
2.78,0,0.02
2.781,0,0.02
2.782,0,0.02
2.783,0,0.02
2.784,0,0.02
2.785,0,0.02
2.786,0,0.02
2.787,0,0.02
2.788,0,0.02
2.789,0,0.02
2.79,0,0.02
2.791,0,0.02
2.792,0,0.02
2.793,0,0.02
2.794,0,0.02
2.795,0,0.02
2.796,0,0.02
2.797,0,0.02
2.798,0,0.02
2.799,0,0.02
2.8,0,0.02
2.801,0,0.02
2.802,0,0.02
2.803,0,0.02
2.804,0,0.02
2.805,0,0.02
2.806,0,0.02
2.807,0,0.02
2.808,0,0.02
2.809,0,0.02
2.81,0,0.02
2.811,0,0.02
2.812,0,0.02
2.813,0,0.02
2.814,0,0.02
2.815,0,0.02
2.816,0,0.02
2.817,0,0.02
2.818,0,0.02
2.819,0,0.02
2.82,0,0.02
2.821,0,0.02
2.822,0,0.02
2.823,0,0.02
2.824,0,0.02
2.825,0,0.02
2.826,0,0.02
2.827,0,0.02
2.828,0,0.02
2.829,0,0.02
2.83,0,0.02
2.831,0,0.02
2.832,0,0.02
2.833,0,0.02
2.834,0,0.02
2.835,0,0.02
2.836,0,0.02
2.837,0,0.02
2.838,0,0.02
2.839,0,0.02
2.84,0,0.02
2.841,0,0.02
2.842,0,0.02
2.843,0,0.02
2.844,0,0.02
2.845,0,0.02
2.846,0,0.02
2.847,0,0.02
2.848,0,0.02
2.849,0,0.02
2.85,0,0.02
2.851,0,0.02
2.852,0,0.02
2.853,0,0.02
2.854,0,0.02
2.855,0,0.02
2.856,0,0.02
2.857,0,0.02
2.858,0,0.02
2.859,0,0.02
2.86,0,0.02
2.861,0,0.02
2.862,0,0.02
2.863,0,0.02
2.864,0,0.02
2.865,0,0.02
2.866,0,0.02
2.867,0,0.02
2.868,0,0.02
2.869,0,0.02
2.87,0,0.02
2.871,0,0.02
2.872,0,0.02
2.873,0,0.02
2.874,0,0.02
2.875,0,0.02
2.876,0,0.02
2.877,0,0.02
2.878,0,0.02
2.879,0,0.02
2.88,0,0.02
2.881,0,0.02
2.882,0,0.02
2.883,0,0.02
2.884,0,0.02
2.885,0,0.02
2.886,0,0.02
2.887,0,0.02
2.888,0,0.02
2.889,0,0.02
2.89,0,0.02
2.891,0,0.02
2.892,0,0.02
2.893,0,0.02
2.894,0,0.02
2.895,0,0.02
2.896,0,0.02
2.897,0,0.02
2.898,0,0.02
2.899,0,0.02
2.9,0,0.02
2.901,0,0.02
2.902,0,0.02
2.903,0,0.02
2.904,0,0.02
2.905,0,0.02
2.906,0,0.02
2.907,0,0.02
2.908,0,0.02
2.909,0,0.02
2.91,0,0.02
2.911,0,0.02
2.912,0,0.02
2.913,0,0.02
2.914,0,0.02
2.915,0,0.02
2.916,0,0.02
2.917,0,0.02
2.918,0,0.02
2.919,0,0.02
2.92,0,0.02
2.921,0,0.02
2.922,0,0.02
2.923,0,0.02
2.924,0,0.02
2.925,0,0.02
2.926,0,0.02
2.927,0,0.02
2.928,0,0.02
2.929,0,0.02
2.93,0,0.02
2.931,0,0.02
2.932,0,0.02
2.933,0,0.02
2.934,0,0.02
2.935,0,0.02
2.936,0,0.02
2.937,0,0.02
2.938,0,0.02
2.939,0,0.02
2.94,0,0.02
2.941,0,0.02
2.942,0,0.02
2.943,0,0.02
2.944,0,0.02
2.945,0,0.02
2.946,0,0.02
2.947,0,0.02
2.948,0,0.02
2.949,0,0.02
2.95,0,0.02
2.951,0,0.02
2.952,0,0.02
2.953,0,0.02
2.954,0,0.02
2.955,0,0.02
2.956,0,0.02
2.957,0,0.02
2.958,0,0.02
2.959,0,0.02
2.96,0,0.02
2.961,0,0.02
2.962,0,0.02
2.963,0,0.02
2.964,0,0.02
2.965,0,0.02
2.966,0,0.02
2.967,0,0.02
2.968,0,0.02
2.969,0,0.02
2.97,0,0.02
2.971,0,0.02
2.972,0,0.02
2.973,0,0.02
2.974,0,0.02
2.975,0,0.02
2.976,0,0.02
2.977,0,0.02
2.978,0,0.02
2.979,0,0.02
2.98,0,0.02
2.981,0,0.02
2.982,0,0.02
2.983,0,0.02
2.984,0,0.02
2.985,0,0.02
2.986,0,0.02
2.987,0,0.02
2.988,0,0.02
2.989,0,0.02
2.99,0,0.02
2.991,0,0.02
2.992,0,0.02
2.993,0,0.02
2.994,0,0.02
2.995,0,0.02
2.996,0,0.02
2.997,0,0.02
2.998,0,0.02
2.999,0,0.02
3,0,0.02
